PDBcode,mutation,DDG,CHAIN,MUT,PDB
2OCJ,QA104H,0.24,A,Q104H,2OCJA
2OCJ,QA104P,0.11,A,Q104P,2OCJA
2OCJ,TA123A,-0.13,A,T123A,2OCJA
2OCJ,AA129D,-0.7,A,A129D,2OCJA
2OCJ,AA129E,-0.38,A,A129E,2OCJA
2OCJ,AA129S,-0.19,A,A129S,2OCJA
2OCJ,MA133L,0.3,A,M133L,2OCJA
2OCJ,FA134L,-4.78,A,F134L,2OCJA
2OCJ,VA143A,-3.5,A,V143A,2OCJA
2OCJ,LA145Q,-2.98,A,L145Q,2OCJA
2OCJ,DA148E,-0.43,A,D148E,2OCJA
2OCJ,DA148S,0.22,A,D148S,2OCJA
2OCJ,TA150P,-0.08,A,T150P,2OCJA
2OCJ,PA151S,-4.49,A,P151S,2OCJA
2OCJ,VA157F,-3.88,A,V157F,2OCJA
2OCJ,QA165K,-1.27,A,Q165K,2OCJA
2OCJ,QA167E,-0.43,A,Q167E,2OCJA
2OCJ,HA168R,-2.75,A,H168R,2OCJA
2OCJ,RA174K,-0.22,A,R174K,2OCJA
2OCJ,RA175A,-0.73,A,R175A,2OCJA
2OCJ,RA175H,-3.52,A,R175H,2OCJA
2OCJ,CA182S,0.16,A,C182S,2OCJA
2OCJ,IA195T,-4.12,A,I195T,2OCJA
2OCJ,LA201P,0.35,A,L201P,2OCJA
2OCJ,VA203A,0.49,A,V203A,2OCJA
2OCJ,LA206S,-0.1,A,L206S,2OCJA
2OCJ,YA220C,-3.98,A,Y220C,2OCJA
2OCJ,DA228E,0.05,A,D228E,2OCJA
2OCJ,IA232T,-3.19,A,I232T,2OCJA
2OCJ,YA236F,0.27,A,Y236F,2OCJA
2OCJ,MA237I,-3.18,A,M237I,2OCJA
2OCJ,NA239Y,1.49,A,N239Y,2OCJA
2OCJ,CA242S,-3.07,A,C242S,2OCJA
2OCJ,GA245S,-1.21,A,G245S,2OCJA
2OCJ,RA248Q,-1.87,A,R248Q,2OCJA
2OCJ,RA249S,-1.92,A,R249S,2OCJA
2OCJ,IA255F,-3.29,A,I255F,2OCJA
2OCJ,SA260P,-0.32,A,S260P,2OCJA
2OCJ,NA268D,1.21,A,N268D,2OCJA
2OCJ,FA270C,-4.54,A,F270C,2OCJA
2OCJ,RA273H,-0.45,A,R273H,2OCJA
2OCJ,RA282W,-3.3,A,R282W,2OCJA
